file,sucess,failure,forbidden error,not_found,moved_permanently,found,not_modified,count
"""GET / HTTP/1.1"" 403 4890 ""-""",0,1,1,0,0,0,0,1
"""GET /icons/apache_pb2.gif HTTP/1.1"" 200 4234 ""http://13.233.58.202/""",1,0,0,0,0,0,0,1
"""GET /icons/poweredby.png HTTP/1.1"" 200 3412 ""http://13.233.58.202/""",1,0,0,0,0,0,0,1
"""GET /favicon.ico HTTP/1.1"" 404 209 ""-""",0,1,0,1,0,0,0,6
"""GET /info.php HTTP/1.1"" 404 206 ""-""",0,1,0,1,0,0,0,1
"""GET /phpinfo.php HTTP/1.1"" 200 83856 ""-""",1,0,0,0,0,0,0,1
"""GET /phpMyAdmin HTTP/1.1"" 301 240 ""-""",0,1,0,0,1,0,0,1
"""GET /phpMyAdmin/ HTTP/1.1"" 200 3446 ""-""",1,0,0,0,0,0,0,1
"""GET /phpMyAdmin/themes/pmahomme/jquery/jquery-ui.css HTTP/1.1"" 200 36566 ""-""",1,0,0,0,0,0,0,1
"""GET /phpMyAdmin/js/vendor/codemirror/lib/codemirror.css?v=4.8.3 HTTP/1.1"" 200 8542 ""-""",1,0,0,0,0,0,0,1
"""GET /phpMyAdmin/js/vendor/codemirror/addon/hint/show-hint.css?v=4.8.3 HTTP/1.1"" 200 623 ""-""",1,0,0,0,0,0,0,1
"""GET /phpMyAdmin/js/vendor/codemirror/addon/lint/lint.css?v=4.8.3 HTTP/1.1"" 200 2999 ""-""",1,0,0,0,0,0,0,1
"""GET /phpMyAdmin/themes/pmahomme/css/printview.css?v=4.8.3 HTTP/1.1"" 200 2746 ""-""",1,0,0,0,0,0,0,1
"""GET /phpMyAdmin/js/vendor/jquery/jquery.min.js?v=4.8.3 HTTP/1.1"" 200 86927 ""-""",1,0,0,0,0,0,0,1
"""GET /phpMyAdmin/js/vendor/jquery/jquery-migrate.js?v=4.8.3 HTTP/1.1"" 200 17813 ""-""",1,0,0,0,0,0,0,1
"""GET /phpMyAdmin/phpmyadmin.css.php?nocache=3069890315ltr&server=1 HTTP/1.1"" 200 20700 ""-""",1,0,0,0,0,0,0,1
"""GET /phpMyAdmin/js/whitelist.php?v=4.8.3&lang=en HTTP/1.1"" 200 57 ""-""",1,0,0,0,0,0,0,1
"""GET /phpMyAdmin/js/vendor/sprintf.js?v=4.8.3 HTTP/1.1"" 200 7387 ""-""",1,0,0,0,0,0,0,1
"""GET /phpMyAdmin/js/ajax.js?v=4.8.3 HTTP/1.1"" 200 31246 ""-""",1,0,0,0,0,0,0,1
"""GET /phpMyAdmin/js/keyhandler.js?v=4.8.3 HTTP/1.1"" 200 3333 ""-""",1,0,0,0,0,0,0,1
"""GET /phpMyAdmin/js/vendor/jquery/jquery-ui.min.js?v=4.8.3 HTTP/1.1"" 200 253681 ""-""",1,0,0,0,0,0,0,1
"""GET /phpMyAdmin/js/vendor/js.cookie.js?v=4.8.3 HTTP/1.1"" 200 3886 ""-""",1,0,0,0,0,0,0,1
"""GET /phpMyAdmin/js/vendor/jquery/jquery.mousewheel.js?v=4.8.3 HTTP/1.1"" 200 8267 ""-""",1,0,0,0,0,0,0,1
"""GET /phpMyAdmin/js/vendor/jquery/jquery.event.drag-2.2.js?v=4.8.3 HTTP/1.1"" 200 12826 ""-""",1,0,0,0,0,0,0,1
"""GET /phpMyAdmin/js/vendor/jquery/jquery.validate.js?v=4.8.3 HTTP/1.1"" 200 48696 ""-""",1,0,0,0,0,0,0,1
"""GET /phpMyAdmin/js/vendor/jquery/jquery.ba-hashchange-1.3.js?v=4.8.3 HTTP/1.1"" 200 16522 ""-""",1,0,0,0,0,0,0,1
"""GET /phpMyAdmin/js/vendor/jquery/jquery-ui-timepicker-addon.js?v=4.8.3 HTTP/1.1"" 200 78475 ""-""",1,0,0,0,0,0,0,1
"""GET /phpMyAdmin/js/vendor/jquery/jquery.debounce-1.0.5.js?v=4.8.3 HTTP/1.1"" 200 1169 ""-""",1,0,0,0,0,0,0,1
"""GET /phpMyAdmin/js/menu-resizer.js?v=4.8.3 HTTP/1.1"" 200 8318 ""-""",1,0,0,0,0,0,0,1
"""GET /phpMyAdmin/js/cross_framing_protection.js?v=4.8.3 HTTP/1.1"" 200 471 ""-""",1,0,0,0,0,0,0,1
"""GET /phpMyAdmin/js/rte.js?v=4.8.3 HTTP/1.1"" 200 47678 ""-""",1,0,0,0,0,0,0,1
"""GET /phpMyAdmin/js/vendor/tracekit.js?v=4.8.3 HTTP/1.1"" 200 45389 ""-""",1,0,0,0,0,0,0,1
"""GET /phpMyAdmin/js/error_report.js?v=4.8.3 HTTP/1.1"" 200 10112 ""-""",1,0,0,0,0,0,0,1
"""GET /phpMyAdmin/js/messages.php?l=en&v=4.8.3&lang=en HTTP/1.1"" 200 8822 ""-""",1,0,0,0,0,0,0,1
"""GET /phpMyAdmin/js/config.js?v=4.8.3 HTTP/1.1"" 200 26929 ""-""",1,0,0,0,0,0,0,1
"""GET /phpMyAdmin/js/doclinks.js?v=4.8.3 HTTP/1.1"" 200 20643 ""-""",1,0,0,0,0,0,0,1
"""GET /phpMyAdmin/js/functions.js?v=4.8.3 HTTP/1.1"" 200 173488 ""-""",1,0,0,0,0,0,0,1
"""GET /phpMyAdmin/js/navigation.js?v=4.8.3 HTTP/1.1"" 200 59816 ""-""",1,0,0,0,0,0,0,1
"""GET /phpMyAdmin/js/indexes.js?v=4.8.3 HTTP/1.1"" 200 27371 ""-""",1,0,0,0,0,0,0,1
"""GET /phpMyAdmin/js/common.js?v=4.8.3 HTTP/1.1"" 200 19168 ""-""",1,0,0,0,0,0,0,1
"""GET /phpMyAdmin/js/page_settings.js?v=4.8.3 HTTP/1.1"" 200 1749 ""-""",1,0,0,0,0,0,0,1
"""GET /phpMyAdmin/js/shortcuts_handler.js?v=4.8.3 HTTP/1.1"" 200 3264 ""-""",1,0,0,0,0,0,0,1
"""GET /phpMyAdmin/js/vendor/codemirror/lib/codemirror.js?v=4.8.3 HTTP/1.1"" 200 373234 ""-""",1,0,0,0,0,0,0,1
"""GET /phpMyAdmin/js/vendor/codemirror/mode/sql/sql.js?v=4.8.3 HTTP/1.1"" 200 45323 ""-""",1,0,0,0,0,0,0,1
"""GET /phpMyAdmin/js/vendor/codemirror/addon/runmode/runmode.js?v=4.8.3 HTTP/1.1"" 200 2499 ""-""",1,0,0,0,0,0,0,1
"""GET /phpMyAdmin/js/vendor/codemirror/addon/hint/show-hint.js?v=4.8.3 HTTP/1.1"" 200 15909 ""-""",1,0,0,0,0,0,0,1
"""GET /phpMyAdmin/js/vendor/codemirror/addon/hint/sql-hint.js?v=4.8.3 HTTP/1.1"" 200 9148 ""-""",1,0,0,0,0,0,0,1
"""GET /phpMyAdmin/js/codemirror/addon/lint/sql-lint.js?v=4.8.3 HTTP/1.1"" 200 1048 ""-""",1,0,0,0,0,0,0,1
"""GET /phpMyAdmin/js/vendor/codemirror/addon/lint/lint.js?v=4.8.3 HTTP/1.1"" 200 8609 ""-""",1,0,0,0,0,0,0,1
"""GET /phpMyAdmin/js/console.js?v=4.8.3 HTTP/1.1"" 200 57278 ""-""",1,0,0,0,0,0,0,1
"""GET /phpMyAdmin/themes/pmahomme/img/logo_right.png HTTP/1.1"" 200 4306 ""-""",1,0,0,0,0,0,0,1
"""GET /phpMyAdmin/themes/dot.gif HTTP/1.1"" 200 43 ""-""",1,0,0,0,0,0,0,1
"""GET /phpMyAdmin/favicon.ico HTTP/1.1"" 200 22486 ""-""",1,0,0,0,0,0,0,1
"""GET /phpMyAdmin/themes/pmahomme/img/b_help.png HTTP/1.1"" 200 705 ""-""",1,0,0,0,0,0,0,1
"""OPTIONS * HTTP/1.0"" 200 - ""-""",1,0,0,0,0,0,0,1
"""POST /phpMyAdmin/index.php HTTP/1.1"" 302 25 ""-""",0,1,0,0,0,1,0,1
"""GET /phpMyAdmin/index.php HTTP/1.1"" 200 12830 ""-""",1,0,0,0,0,0,0,1
"""GET /phpMyAdmin/phpmyadmin.css.php?nocache=4608524927ltr&server=1 HTTP/1.1"" 200 20700 ""-""",1,0,0,0,0,0,0,1
"""GET /phpMyAdmin/js/whitelist.php?v=4.8.3 HTTP/1.1"" 200 57 ""-""",1,0,0,0,0,0,0,1
"""GET /phpMyAdmin/js/messages.php?l=en&v=4.8.3 HTTP/1.1"" 200 8822 ""-""",1,0,0,0,0,0,0,1
"""GET /phpMyAdmin/themes/pmahomme/img/logo_left.png HTTP/1.1"" 200 2713 ""-""",1,0,0,0,0,0,0,1
"""GET /phpMyAdmin/themes/pmahomme/img/left_nav_bg.png HTTP/1.1"" 200 146 ""-""",1,0,0,0,0,0,0,1
"""GET /phpMyAdmin/themes/pmahomme/img/b_home.png HTTP/1.1"" 200 734 ""-""",1,0,0,0,0,0,0,1
"""GET /phpMyAdmin/themes/pmahomme/img/s_loggoff.png HTTP/1.1"" 200 626 ""-""",1,0,0,0,0,0,0,1
"""GET /phpMyAdmin/themes/pmahomme/img/b_docs.png HTTP/1.1"" 200 705 ""-""",1,0,0,0,0,0,0,1
"""GET /phpMyAdmin/themes/pmahomme/img/b_sqlhelp.png HTTP/1.1"" 200 512 ""-""",1,0,0,0,0,0,0,1
"""GET /phpMyAdmin/themes/pmahomme/img/s_cog.png HTTP/1.1"" 200 442 ""-""",1,0,0,0,0,0,0,1
"""GET /phpMyAdmin/themes/pmahomme/img/s_reload.png HTTP/1.1"" 200 527 ""-""",1,0,0,0,0,0,0,1
"""GET /phpMyAdmin/themes/pmahomme/img/s_link.png HTTP/1.1"" 200 280 ""-""",1,0,0,0,0,0,0,1
"""GET /phpMyAdmin/themes/pmahomme/img/b_newdb.png HTTP/1.1"" 200 585 ""-""",1,0,0,0,0,0,0,1
"""GET /phpMyAdmin/themes/pmahomme/img/b_plus.png HTTP/1.1"" 200 143 ""-""",1,0,0,0,0,0,0,1
"""GET /phpMyAdmin/themes/pmahomme/img/s_db.png HTTP/1.1"" 200 328 ""-""",1,0,0,0,0,0,0,1
"""GET /phpMyAdmin/themes/pmahomme/img/b_sql.png HTTP/1.1"" 200 680 ""-""",1,0,0,0,0,0,0,1
"""GET /phpMyAdmin/themes/pmahomme/img/s_host.png HTTP/1.1"" 200 591 ""-""",1,0,0,0,0,0,0,1
"""GET /phpMyAdmin/themes/pmahomme/img/s_status.png HTTP/1.1"" 200 600 ""-""",1,0,0,0,0,0,0,1
"""GET /phpMyAdmin/themes/pmahomme/img/s_rights.png HTTP/1.1"" 200 461 ""-""",1,0,0,0,0,0,0,1
"""GET /phpMyAdmin/themes/pmahomme/img/b_export.png HTTP/1.1"" 200 514 ""-""",1,0,0,0,0,0,0,1
"""GET /phpMyAdmin/themes/pmahomme/img/b_import.png HTTP/1.1"" 200 556 ""-""",1,0,0,0,0,0,0,1
"""GET /phpMyAdmin/themes/pmahomme/img/b_tblops.png HTTP/1.1"" 200 537 ""-""",1,0,0,0,0,0,0,1
"""GET /phpMyAdmin/themes/pmahomme/img/s_replication.png HTTP/1.1"" 200 399 ""-""",1,0,0,0,0,0,0,1
"""GET /phpMyAdmin/themes/pmahomme/img/s_vars.png HTTP/1.1"" 200 523 ""-""",1,0,0,0,0,0,0,1
"""GET /phpMyAdmin/themes/pmahomme/img/s_asci.png HTTP/1.1"" 200 148 ""-""",1,0,0,0,0,0,0,1
"""GET /phpMyAdmin/themes/pmahomme/img/b_engine.png HTTP/1.1"" 200 398 ""-""",1,0,0,0,0,0,0,1
"""GET /phpMyAdmin/themes/pmahomme/img/b_plugin.png HTTP/1.1"" 200 512 ""-""",1,0,0,0,0,0,0,1
"""GET /phpMyAdmin/themes/pmahomme/img/s_top.png HTTP/1.1"" 200 220 ""-""",1,0,0,0,0,0,0,1
"""GET /phpMyAdmin/themes/pmahomme/img/console.png HTTP/1.1"" 200 292 ""-""",1,0,0,0,0,0,0,1
"""GET /phpMyAdmin/themes/pmahomme/img/s_passwd.png HTTP/1.1"" 200 331 ""-""",1,0,0,0,0,0,0,1
"""GET /phpMyAdmin/themes/pmahomme/img/s_lang.png HTTP/1.1"" 200 659 ""-""",1,0,0,0,0,0,0,1
"""GET /phpMyAdmin/themes/pmahomme/img/s_theme.png HTTP/1.1"" 200 772 ""-""",1,0,0,0,0,0,0,1
"""GET /phpMyAdmin/themes/pmahomme/img/s_notice.png HTTP/1.1"" 200 567 ""-""",1,0,0,0,0,0,0,1
"""GET /phpMyAdmin/themes/pmahomme/img/window-new.png HTTP/1.1"" 200 468 ""-""",1,0,0,0,0,0,0,1
"""GET /phpMyAdmin/themes/pmahomme/img/s_error.png HTTP/1.1"" 200 614 ""-""",1,0,0,0,0,0,0,1
"""POST /phpMyAdmin/ajax.php HTTP/1.1"" 200 1394 ""-""",1,0,0,0,0,0,0,1
"""GET /phpMyAdmin/themes/pmahomme/img/b_more.png HTTP/1.1"" 200 111 ""-""",1,0,0,0,0,0,0,1
"""POST /phpMyAdmin/navigation.php?ajax_request=1 HTTP/1.1"" 200 1983 ""-""",1,0,0,0,0,0,0,1
"""POST /phpMyAdmin/ajax.php HTTP/1.1"" 200 1487 ""-""",1,0,0,0,0,0,0,1
"""POST /phpMyAdmin/ajax.php HTTP/1.1"" 200 1384 ""-""",1,0,0,0,0,0,0,1
"""POST /phpMyAdmin/version_check.php HTTP/1.1"" 200 64 ""-""",1,0,0,0,0,0,0,1
"""GET / HTTP/1.1"" 302 - ""-""",0,1,0,0,0,1,0,1
"""GET /wp-admin/install.php HTTP/1.1"" 200 11538 ""-""",1,0,0,0,0,0,0,1
"""GET /wp-includes/css/buttons.min.css?ver=4.9.8 HTTP/1.1"" 200 6144 ""http://13.233.58.202/wp-admin/install.php""",1,0,0,0,0,0,0,1
"""GET /wp-admin/css/install.min.css?ver=4.9.8 HTTP/1.1"" 200 5650 ""http://13.233.58.202/wp-admin/install.php""",1,0,0,0,0,0,0,1
"""GET /wp-includes/css/dashicons.min.css?ver=4.9.8 HTTP/1.1"" 200 46360 ""http://13.233.58.202/wp-admin/install.php""",1,0,0,0,0,0,0,1
"""GET /wp-includes/js/jquery/jquery.js?ver=1.12.4 HTTP/1.1"" 200 97184 ""http://13.233.58.202/wp-admin/install.php""",1,0,0,0,0,0,0,1
"""GET /wp-includes/js/jquery/jquery-migrate.min.js?ver=1.4.1 HTTP/1.1"" 200 10056 ""http://13.233.58.202/wp-admin/install.php""",1,0,0,0,0,0,0,1
"""GET /wp-admin/js/language-chooser.min.js?ver=4.9.8 HTTP/1.1"" 200 374 ""http://13.233.58.202/wp-admin/install.php""",1,0,0,0,0,0,0,1
"""GET /wp-admin/images/wordpress-logo.svg?ver=20131107 HTTP/1.1"" 200 1521 ""http://13.233.58.202/wp-admin/css/install.min.css?ver=4.9.8""",1,0,0,0,0,0,0,1
"""GET /wp-admin/images/spinner.gif HTTP/1.1"" 200 4162 ""http://13.233.58.202/wp-admin/css/install.min.css?ver=4.9.8""",1,0,0,0,0,0,0,1
"""POST /wp-admin/install.php?step=1 HTTP/1.1"" 200 5949 ""http://13.233.58.202/wp-admin/install.php""",1,0,0,0,0,0,0,1
"""GET /wp-includes/css/buttons.min.css?ver=4.9.8 HTTP/1.1"" 304 - ""http://13.233.58.202/wp-admin/install.php?step=1""",0,1,0,0,0,0,1,1
"""GET /wp-admin/css/install.min.css?ver=4.9.8 HTTP/1.1"" 304 - ""http://13.233.58.202/wp-admin/install.php?step=1""",0,1,0,0,0,0,1,1
"""GET /wp-includes/css/dashicons.min.css?ver=4.9.8 HTTP/1.1"" 304 - ""http://13.233.58.202/wp-admin/install.php?step=1""",0,1,0,0,0,0,1,1
"""GET /wp-includes/js/jquery/jquery.js?ver=1.12.4 HTTP/1.1"" 304 - ""http://13.233.58.202/wp-admin/install.php?step=1""",0,1,0,0,0,0,1,1
"""GET /wp-includes/js/jquery/jquery-migrate.min.js?ver=1.4.1 HTTP/1.1"" 304 - ""http://13.233.58.202/wp-admin/install.php?step=1""",0,1,0,0,0,0,1,1
"""GET /wp-includes/js/zxcvbn-async.min.js?ver=1.0 HTTP/1.1"" 200 324 ""http://13.233.58.202/wp-admin/install.php?step=1""",1,0,0,0,0,0,0,1
"""GET /wp-admin/js/password-strength-meter.min.js?ver=4.9.8 HTTP/1.1"" 200 784 ""http://13.233.58.202/wp-admin/install.php?step=1""",1,0,0,0,0,0,0,1
"""GET /wp-includes/js/underscore.min.js?ver=1.8.3 HTTP/1.1"" 200 16410 ""http://13.233.58.202/wp-admin/install.php?step=1""",1,0,0,0,0,0,0,1
"""GET /wp-admin/js/user-profile.min.js?ver=4.9.8 HTTP/1.1"" 200 6359 ""http://13.233.58.202/wp-admin/install.php?step=1""",1,0,0,0,0,0,0,1
"""GET /wp-includes/js/wp-util.min.js?ver=4.9.8 HTTP/1.1"" 200 1046 ""http://13.233.58.202/wp-admin/install.php?step=1""",1,0,0,0,0,0,0,1
"""GET /wp-admin/images/wordpress-logo.svg?ver=20131107 HTTP/1.1"" 304 - ""http://13.233.58.202/wp-admin/css/install.min.css?ver=4.9.8""",0,1,0,0,0,0,1,1
"""GET /wp-includes/js/zxcvbn.min.js HTTP/1.1"" 200 822202 ""http://13.233.58.202/wp-admin/install.php?step=1""",1,0,0,0,0,0,0,1
"""GET /2018/10/04/hello-world/ HTTP/1.1"" 404 221 ""http://13.233.58.202/2018/10/04/hello-world/""",0,1,0,1,0,0,0,1
"""GET /index.php/2018/10/04/hello-world/ HTTP/1.1"" 200 57557 ""http://13.233.58.202/index.php/2018/10/04/hello-world/""",1,0,0,0,0,0,0,1
"""POST /wp-admin/install.php?step=2 HTTP/1.1"" 200 3072 ""http://13.233.58.202/wp-admin/install.php?step=1""",1,0,0,0,0,0,0,1
"""GET /wp-includes/css/buttons.min.css?ver=4.9.8 HTTP/1.1"" 200 6144 ""http://13.233.58.202/wp-admin/install.php?step=2""",1,0,0,0,0,0,0,1
"""GET /wp-admin/css/install.min.css?ver=4.9.8 HTTP/1.1"" 200 5650 ""http://13.233.58.202/wp-admin/install.php?step=2""",1,0,0,0,0,0,0,1
"""GET /wp-includes/css/dashicons.min.css?ver=4.9.8 HTTP/1.1"" 200 46360 ""http://13.233.58.202/wp-admin/install.php?step=2""",1,0,0,0,0,0,0,1
"""GET /wp-includes/js/jquery/jquery-migrate.min.js?ver=1.4.1 HTTP/1.1"" 200 10056 ""http://13.233.58.202/wp-admin/install.php?step=2""",1,0,0,0,0,0,0,1
"""GET /wp-includes/js/jquery/jquery.js?ver=1.12.4 HTTP/1.1"" 200 97184 ""http://13.233.58.202/wp-admin/install.php?step=2""",1,0,0,0,0,0,0,1
"""GET /wp-includes/js/zxcvbn-async.min.js?ver=1.0 HTTP/1.1"" 200 324 ""http://13.233.58.202/wp-admin/install.php?step=2""",1,0,0,0,0,0,0,1
"""GET /wp-admin/js/password-strength-meter.min.js?ver=4.9.8 HTTP/1.1"" 200 784 ""http://13.233.58.202/wp-admin/install.php?step=2""",1,0,0,0,0,0,0,1
"""GET /wp-includes/js/underscore.min.js?ver=1.8.3 HTTP/1.1"" 200 16410 ""http://13.233.58.202/wp-admin/install.php?step=2""",1,0,0,0,0,0,0,1
"""GET /wp-includes/js/wp-util.min.js?ver=4.9.8 HTTP/1.1"" 200 1046 ""http://13.233.58.202/wp-admin/install.php?step=2""",1,0,0,0,0,0,0,1
"""GET /wp-admin/js/user-profile.min.js?ver=4.9.8 HTTP/1.1"" 200 6359 ""http://13.233.58.202/wp-admin/install.php?step=2""",1,0,0,0,0,0,0,1
"""GET /wp-includes/js/zxcvbn.min.js HTTP/1.1"" 304 - ""http://13.233.58.202/wp-admin/install.php?step=2""",0,1,0,0,0,0,1,1
"""GET /wp-login.php HTTP/1.1"" 200 2242 ""http://13.233.58.202/wp-admin/install.php?step=2""",1,0,0,0,0,0,0,1
"""GET /wp-admin/load-styles.php?c=0&dir=ltr&load%5B%5D=dashicons,buttons,forms,l10n,login&ver=4.9.8 HTTP/1.1"" 200 104364 ""http://13.233.58.202/wp-login.php""",1,0,0,0,0,0,0,1
"""GET /wp-admin/images/wordpress-logo.svg?ver=20131107 HTTP/1.1"" 304 - ""http://13.233.58.202/wp-admin/load-styles.php?c=0&dir=ltr&load%5B%5D=dashicons,buttons,forms,l10n,login&ver=4.9.8""",0,1,0,0,0,0,1,1
"""POST /wp-cron.php?doing_wp_cron=1538635124.0368969440460205078125 HTTP/1.1"" 200 - ""http://13.233.58.202/wp-cron.php?doing_wp_cron=1538635124.0368969440460205078125""",1,0,0,0,0,0,0,1
"""POST /wp-login.php HTTP/1.1"" 302 - ""http://13.233.58.202/wp-login.php""",0,1,0,0,0,1,0,1
"""GET /wp-admin/ HTTP/1.1"" 200 57899 ""http://13.233.58.202/wp-login.php""",1,0,0,0,0,0,0,1
"""GET /wp-includes/js/thickbox/thickbox.css?ver=4.9.8 HTTP/1.1"" 200 2658 ""http://13.233.58.202/wp-admin/""",1,0,0,0,0,0,0,1
"""GET /wp-admin/load-styles.php?c=0&dir=ltr&load%5B%5D=dashicons,admin-bar,common,forms,admin-menu,dashboard,list-tables,edit,revisions,media,themes,about,nav-menus,wp-pointer,widgets&load%5B%5D=,site-icon,l10n,buttons,wp-auth-check&ver=4.9.8 HTTP/1.1"" 200 337409 ""http://13.233.58.202/wp-admin/""",1,0,0,0,0,0,0,1
"""GET /wp-admin/load-scripts.php?c=0&load%5B%5D=jquery-core,jquery-migrate,utils&ver=4.9.8 HTTP/1.1"" 200 109068 ""http://13.233.58.202/wp-admin/""",1,0,0,0,0,0,0,1
"""GET /wp-includes/css/editor.min.css?ver=4.9.8 HTTP/1.1"" 200 26214 ""http://13.233.58.202/wp-admin/""",1,0,0,0,0,0,0,1
"""GET /wp-admin/load-scripts.php?c=0&load%5B%5D=hoverIntent,common,admin-bar,wp-ajax-response,jquery-color,wp-lists,quicktags,jquery-query,admin-comments,jquery-ui-core,jquery-&load%5B%5D=ui-widget,jquery-ui-mouse,jquery-ui-sortable,postbox,underscore,wp-util,wp-a11y,dashboard,thickbox,plugin-install,updates,shortc&load%5B%5D=ode,media-upload,svg-painter,heartbeat,wp-auth-check,wplink,jquery-ui-position,jquery-ui-menu,jquery-ui-autocomplete&ver=4.9.8 HTTP/1.1"" 200 245287 ""http://13.233.58.202/wp-admin/""",1,0,0,0,0,0,0,1
"""GET /wp-includes/js/wp-emoji-release.min.js?ver=4.9.8 HTTP/1.1"" 200 12026 ""http://13.233.58.202/wp-admin/""",1,0,0,0,0,0,0,1
"""POST /wp-cron.php?doing_wp_cron=1538635142.8246819972991943359375 HTTP/1.1"" 200 - ""http://13.233.58.202/wp-cron.php?doing_wp_cron=1538635142.8246819972991943359375""",1,0,0,0,0,0,0,1
"""GET /wp-admin/admin-ajax.php?action=wp-compression-test&test=1&_ajax_nonce=a49bea9997&1538635144423 HTTP/1.1"" 200 1114 ""http://13.233.58.202/wp-admin/""",1,0,0,0,0,0,0,1
"""GET /wp-includes/js/thickbox/loadingAnimation.gif HTTP/1.1"" 200 15238 ""http://13.233.58.202/wp-admin/""",1,0,0,0,0,0,0,1
"""GET /wp-admin/admin-ajax.php?action=wp-compression-test&test=2&_ajax_nonce=a49bea9997&1538635146419 HTTP/1.1"" 200 572 ""http://13.233.58.202/wp-admin/""",1,0,0,0,0,0,0,1
"""POST /wp-admin/admin-ajax.php HTTP/1.1"" 200 69 ""http://13.233.58.202/wp-admin/""",1,0,0,0,0,0,0,1
"""GET /wp-admin/admin-ajax.php?action=wp-compression-test&test=yes&_ajax_nonce=a49bea9997&1538635146798 HTTP/1.1"" 200 1 ""http://13.233.58.202/wp-admin/""",1,0,0,0,0,0,0,1
"""GET /wp-admin/admin-ajax.php?action=dashboard-widgets&widget=dashboard_primary&pagenow=dashboard HTTP/1.1"" 200 707 ""http://13.233.58.202/wp-admin/""",1,0,0,0,0,0,0,1
"""POST /wp-admin/admin-ajax.php HTTP/1.1"" 200 47 ""http://13.233.58.202/wp-admin/""",1,0,0,0,0,0,0,1
"""GET /webadmin/tpl/style.admin.css HTTP/1.1"" 400 226 ""-""",0,1,0,0,0,0,1,1
"""POST /wp-cron.php?doing_wp_cron=1538640418.3051400184631347656250 HTTP/1.1"" 200 - ""http://13.233.58.202/wp-cron.php?doing_wp_cron=1538640418.3051400184631347656250""",1,0,0,0,0,0,0,1
"""GET / HTTP/1.1"" 200 53309 ""-""",1,0,0,0,0,0,0,1
"""GET /wp-content/themes/twentyseventeen/style.css?ver=4.9.8 HTTP/1.1"" 200 83401 ""http://13.233.58.202/""",1,0,0,0,0,0,0,1
"""GET /wp-includes/js/jquery/jquery-migrate.min.js?ver=1.4.1 HTTP/1.1"" 200 10056 ""http://13.233.58.202/""",1,0,0,0,0,0,0,1
"""GET /wp-content/themes/twentyseventeen/assets/js/skip-link-focus-fix.js?ver=1.0 HTTP/1.1"" 200 683 ""http://13.233.58.202/""",1,0,0,0,0,0,0,1
"""GET /wp-content/themes/twentyseventeen/assets/js/global.js?ver=1.0 HTTP/1.1"" 200 7682 ""http://13.233.58.202/""",1,0,0,0,0,0,0,1
"""GET /wp-content/themes/twentyseventeen/assets/js/jquery.scrollTo.js?ver=2.1.2 HTTP/1.1"" 200 5836 ""http://13.233.58.202/""",1,0,0,0,0,0,0,1
"""GET /wp-includes/js/wp-embed.min.js?ver=4.9.8 HTTP/1.1"" 200 1398 ""http://13.233.58.202/""",1,0,0,0,0,0,0,1
"""GET /wp-includes/js/jquery/jquery.js?ver=1.12.4 HTTP/1.1"" 200 97184 ""http://13.233.58.202/""",1,0,0,0,0,0,0,1
"""GET /wp-content/themes/twentyseventeen/assets/images/header.jpg HTTP/1.1"" 200 114854 ""http://13.233.58.202/""",1,0,0,0,0,0,0,1
"""GET /wp-includes/js/wp-emoji-release.min.js?ver=4.9.8 HTTP/1.1"" 200 12026 ""http://13.233.58.202/""",1,0,0,0,0,0,0,1
"""GET / HTTP/1.1"" 200 53360 ""-""",1,0,0,0,0,0,0,1
"""GET /wp-admin HTTP/1.1"" 301 238 ""-""",0,1,0,0,1,0,0,3
"""GET /wp-admin/ HTTP/1.1"" 302 - ""-""",0,1,0,0,0,1,0,4
"""GET /favicon.ico HTTP/1.1"" 404 209 ""http://35.154.33.157/""",0,1,0,1,0,0,0,2
"""GET /webdav/ HTTP/1.1"" 404 205 ""-""",0,1,0,1,0,0,0,1
"""GET /help.php HTTP/1.1"" 404 206 ""-""",0,1,0,1,0,0,0,1
"""GET /java.php HTTP/1.1"" 404 206 ""-""",0,1,0,1,0,0,0,1
"""GET /_query.php HTTP/1.1"" 404 208 ""-""",0,1,0,1,0,0,0,1
"""GET /test.php HTTP/1.1"" 404 206 ""-""",0,1,0,1,0,0,0,1
"""GET /db_cts.php HTTP/1.1"" 404 208 ""-""",0,1,0,1,0,0,0,1
"""GET /db_pma.php HTTP/1.1"" 404 208 ""-""",0,1,0,1,0,0,0,1
"""GET /logon.php HTTP/1.1"" 404 207 ""-""",0,1,0,1,0,0,0,1
"""GET /help-e.php HTTP/1.1"" 404 208 ""-""",0,1,0,1,0,0,0,1
"""GET /license.php HTTP/1.1"" 404 209 ""-""",0,1,0,1,0,0,0,1
"""GET /log.php HTTP/1.1"" 404 205 ""-""",0,1,0,1,0,0,0,1
"""GET /hell.php HTTP/1.1"" 404 206 ""-""",0,1,0,1,0,0,0,1
"""GET /pmd_online.php HTTP/1.1"" 404 212 ""-""",0,1,0,1,0,0,0,1
"""GET /x.php HTTP/1.1"" 404 203 ""-""",0,1,0,1,0,0,0,1
"""GET /shell.php HTTP/1.1"" 404 207 ""-""",0,1,0,1,0,0,0,2
"""GET /desktop.ini.php HTTP/1.1"" 404 213 ""-""",0,1,0,1,0,0,0,1
"""GET /z.php HTTP/1.1"" 404 203 ""-""",0,1,0,1,0,0,0,1
"""GET /lala.php HTTP/1.1"" 404 206 ""-""",0,1,0,1,0,0,0,1
"""GET /lala-dpr.php HTTP/1.1"" 404 210 ""-""",0,1,0,1,0,0,0,1
"""GET /wpo.php HTTP/1.1"" 404 205 ""-""",0,1,0,1,0,0,0,1
"""GET /text.php HTTP/1.1"" 404 206 ""-""",0,1,0,1,0,0,0,1
"""GET /wp-config.php HTTP/1.1"" 200 - ""-""",1,0,0,0,0,0,0,1
"""GET /webadmin/tpl/style.admin.css HTTP/1.1"" 404 226 ""-""",0,1,0,1,0,0,0,1
"""GET /muhstik.php HTTP/1.1"" 404 209 ""-""",0,1,0,1,0,0,0,1
"""GET /muhstik2.php HTTP/1.1"" 404 210 ""-""",0,1,0,1,0,0,0,1
"""GET /muhstiks.php HTTP/1.1"" 404 210 ""-""",0,1,0,1,0,0,0,1
"""GET /muhstik-dpr.php HTTP/1.1"" 404 213 ""-""",0,1,0,1,0,0,0,1
"""GET /lol.php HTTP/1.1"" 404 205 ""-""",0,1,0,1,0,0,0,1
"""GET /uploader.php HTTP/1.1"" 404 210 ""-""",0,1,0,1,0,0,0,1
"""GET /cmd.php HTTP/1.1"" 404 205 ""-""",0,1,0,1,0,0,0,1
"""GET /cmx.php HTTP/1.1"" 404 205 ""-""",0,1,0,1,0,0,0,1
"""GET /cmv.php HTTP/1.1"" 404 205 ""-""",0,1,0,1,0,0,0,1
"""GET /cmdd.php HTTP/1.1"" 404 206 ""-""",0,1,0,1,0,0,0,1
"""GET /knal.php HTTP/1.1"" 404 206 ""-""",0,1,0,1,0,0,0,1
"""GET /appserv.php HTTP/1.1"" 404 209 ""-""",0,1,0,1,0,0,0,1
"""GET /scripts/setup.php HTTP/1.1"" 404 215 ""-""",0,1,0,1,0,0,0,1
"""GET /phpmyadmin/scripts/setup.php HTTP/1.1"" 404 226 ""-""",0,1,0,1,0,0,0,1
"""GET /phpMyAdmin/scripts/setup.php HTTP/1.1"" 404 226 ""-""",0,1,0,1,0,0,0,1
"""GET /phpmyadmin/scripts/db___.init.php HTTP/1.1"" 404 231 ""-""",0,1,0,1,0,0,0,1
"""GET /phpMyAdmin/scripts/db___.init.php HTTP/1.1"" 404 231 ""-""",0,1,0,1,0,0,0,1
"""GET /plugins/weathermap/editor.php HTTP/1.1"" 404 227 ""-""",0,1,0,1,0,0,0,1
"""GET /cacti/plugins/weathermap/editor.php HTTP/1.1"" 404 233 ""-""",0,1,0,1,0,0,0,1
"""POST /wuwu11.php HTTP/1.1"" 404 208 ""-""",0,1,0,1,0,0,0,1
"""POST /xw.php HTTP/1.1"" 404 204 ""-""",0,1,0,1,0,0,0,1
"""POST /xw1.php HTTP/1.1"" 404 205 ""-""",0,1,0,1,0,0,0,1
"""POST /9678.php HTTP/1.1"" 404 206 ""-""",0,1,0,1,0,0,0,1
"""POST /wc.php HTTP/1.1"" 404 204 ""-""",0,1,0,1,0,0,0,1
"""POST /xx.php HTTP/1.1"" 404 204 ""-""",0,1,0,1,0,0,0,2
"""POST /s.php HTTP/1.1"" 404 203 ""-""",0,1,0,1,0,0,0,2
"""POST /w.php HTTP/1.1"" 404 203 ""-""",0,1,0,1,0,0,0,1
"""POST /sheep.php HTTP/1.1"" 404 207 ""-""",0,1,0,1,0,0,0,1
"""POST /qaq.php HTTP/1.1"" 404 205 ""-""",0,1,0,1,0,0,0,1
"""POST /db.init.php HTTP/1.1"" 404 209 ""-""",0,1,0,1,0,0,0,1
"""POST /db_session.init.php HTTP/1.1"" 404 217 ""-""",0,1,0,1,0,0,0,1
"""POST /db__.init.php HTTP/1.1"" 404 211 ""-""",0,1,0,1,0,0,0,1
"""POST /wp-admins.php HTTP/1.1"" 404 211 ""-""",0,1,0,1,0,0,0,1
"""POST /m.php?pbid=open HTTP/1.1"" 404 203 ""-""",0,1,0,1,0,0,0,1
"""POST /db_dataml.php HTTP/1.1"" 404 211 ""-""",0,1,0,1,0,0,0,1
"""POST /db_desql.php HTTP/1.1"" 404 210 ""-""",0,1,0,1,0,0,0,1
"""POST /mx.php HTTP/1.1"" 404 204 ""-""",0,1,0,1,0,0,0,1
"""POST /wshell.php HTTP/1.1"" 404 208 ""-""",0,1,0,1,0,0,0,1
"""POST /xshell.php HTTP/1.1"" 404 208 ""-""",0,1,0,1,0,0,0,1
"""POST /qq.php HTTP/1.1"" 404 204 ""-""",0,1,0,1,0,0,0,4
"""POST /conflg.php HTTP/1.1"" 404 208 ""-""",0,1,0,1,0,0,0,1
"""POST /lindex.php HTTP/1.1"" 404 208 ""-""",0,1,0,1,0,0,0,1
"""POST /phpstudy.php HTTP/1.1"" 404 210 ""-""",0,1,0,1,0,0,0,1
"""POST /phpStudy.php HTTP/1.1"" 404 210 ""-""",0,1,0,1,0,0,0,1
"""POST /weixiao.php HTTP/1.1"" 404 209 ""-""",0,1,0,1,0,0,0,1
"""POST /feixiang.php HTTP/1.1"" 404 210 ""-""",0,1,0,1,0,0,0,1
"""POST /ak47.php HTTP/1.1"" 404 206 ""-""",0,1,0,1,0,0,0,1
"""POST /ak48.php HTTP/1.1"" 404 206 ""-""",0,1,0,1,0,0,0,1
"""POST /xiao.php HTTP/1.1"" 404 206 ""-""",0,1,0,1,0,0,0,1
"""POST /yao.php HTTP/1.1"" 404 205 ""-""",0,1,0,1,0,0,0,1
"""POST /defect.php HTTP/1.1"" 404 208 ""-""",0,1,0,1,0,0,0,1
"""POST /webslee.php HTTP/1.1"" 404 209 ""-""",0,1,0,1,0,0,0,1
"""POST /q.php HTTP/1.1"" 404 203 ""-""",0,1,0,1,0,0,0,2
"""POST /pe.php HTTP/1.1"" 404 204 ""-""",0,1,0,1,0,0,0,1
"""POST /hm.php HTTP/1.1"" 404 204 ""-""",0,1,0,1,0,0,0,1
"""POST /cainiao.php HTTP/1.1"" 404 209 ""-""",0,1,0,1,0,0,0,1
"""POST /zuoshou.php HTTP/1.1"" 404 209 ""-""",0,1,0,1,0,0,0,1
"""POST /zuo.php HTTP/1.1"" 404 205 ""-""",0,1,0,1,0,0,0,1
"""POST /aotu.php HTTP/1.1"" 404 206 ""-""",0,1,0,1,0,0,0,1
"""POST /cmd.php HTTP/1.1"" 404 205 ""-""",0,1,0,1,0,0,0,1
"""POST /bak.php HTTP/1.1"" 404 205 ""-""",0,1,0,1,0,0,0,1
"""POST /system.php HTTP/1.1"" 404 208 ""-""",0,1,0,1,0,0,0,1
"""POST /l6.php HTTP/1.1"" 404 204 ""-""",0,1,0,1,0,0,0,1
"""POST /l7.php HTTP/1.1"" 404 204 ""-""",0,1,0,1,0,0,0,1
"""POST /l8.php HTTP/1.1"" 404 204 ""-""",0,1,0,1,0,0,0,1
"""POST /56.php HTTP/1.1"" 404 204 ""-""",0,1,0,1,0,0,0,1
"""POST /mz.php HTTP/1.1"" 404 204 ""-""",0,1,0,1,0,0,0,1
"""POST /yumo.php HTTP/1.1"" 404 206 ""-""",0,1,0,1,0,0,0,1
"""POST /min.php HTTP/1.1"" 404 205 ""-""",0,1,0,1,0,0,0,1
"""POST /wan.php HTTP/1.1"" 404 205 ""-""",0,1,0,1,0,0,0,1
"""POST /wanan.php HTTP/1.1"" 404 207 ""-""",0,1,0,1,0,0,0,1
"""POST /ssaa.php HTTP/1.1"" 404 206 ""-""",0,1,0,1,0,0,0,1
"""POST /aw.php HTTP/1.1"" 404 204 ""-""",0,1,0,1,0,0,0,1
"""POST /12.php HTTP/1.1"" 404 204 ""-""",0,1,0,1,0,0,0,1
"""POST /hh.php HTTP/1.1"" 404 204 ""-""",0,1,0,1,0,0,0,1
"""POST /ak.php HTTP/1.1"" 404 204 ""-""",0,1,0,1,0,0,0,1
"""POST /ip.php HTTP/1.1"" 404 204 ""-""",0,1,0,1,0,0,0,1
"""POST /infoo.php HTTP/1.1"" 404 207 ""-""",0,1,0,1,0,0,0,1
"""POST /qwe.php HTTP/1.1"" 404 205 ""-""",0,1,0,1,0,0,0,1
"""POST /1213.php HTTP/1.1"" 404 206 ""-""",0,1,0,1,0,0,0,1
"""POST /post.php HTTP/1.1"" 404 206 ""-""",0,1,0,1,0,0,0,1
"""POST /h1.php HTTP/1.1"" 404 204 ""-""",0,1,0,1,0,0,0,1
"""POST /test.php HTTP/1.1"" 404 206 ""-""",0,1,0,1,0,0,0,2
"""POST /3.php HTTP/1.1"" 404 203 ""-""",0,1,0,1,0,0,0,1
"""POST /phpinfi.php HTTP/1.1"" 404 209 ""-""",0,1,0,1,0,0,0,1
"""POST /aaaa.php HTTP/1.1"" 404 206 ""-""",0,1,0,1,0,0,0,1
"""POST /9510.php HTTP/1.1"" 404 206 ""-""",0,1,0,1,0,0,0,1
"""POST /python.php HTTP/1.1"" 404 208 ""-""",0,1,0,1,0,0,0,1
"""POST /default.php HTTP/1.1"" 404 209 ""-""",0,1,0,1,0,0,0,1
"""POST /sean.php HTTP/1.1"" 404 206 ""-""",0,1,0,1,0,0,0,1
"""POST /app.php HTTP/1.1"" 404 205 ""-""",0,1,0,1,0,0,0,1
"""POST /help.php HTTP/1.1"" 404 206 ""-""",0,1,0,1,0,0,0,1
"""POST /tiandi.php HTTP/1.1"" 404 208 ""-""",0,1,0,1,0,0,0,1
"""POST /miao.php HTTP/1.1"" 404 206 ""-""",0,1,0,1,0,0,0,1
"""POST /xz.php HTTP/1.1"" 404 204 ""-""",0,1,0,1,0,0,0,1
"""POST /linuxse.php HTTP/1.1"" 404 209 ""-""",0,1,0,1,0,0,0,1
"""POST /zuoindex.php HTTP/1.1"" 404 210 ""-""",0,1,0,1,0,0,0,1
"""POST /zshmindex.php HTTP/1.1"" 404 211 ""-""",0,1,0,1,0,0,0,1
"""POST /tomcat.php HTTP/1.1"" 404 208 ""-""",0,1,0,1,0,0,0,1
"""POST /ceshi.php HTTP/1.1"" 404 207 ""-""",0,1,0,1,0,0,0,1
"""POST /1hou.php HTTP/1.1"" 404 206 ""-""",0,1,0,1,0,0,0,1
"""POST /boots.php HTTP/1.1"" 404 207 ""-""",0,1,0,1,0,0,0,1
"""POST /she.php HTTP/1.1"" 404 205 ""-""",0,1,0,1,0,0,0,1
"""POST /qw.php HTTP/1.1"" 404 204 ""-""",0,1,0,1,0,0,0,1
"""POST /caonma.php HTTP/1.1"" 404 208 ""-""",0,1,0,1,0,0,0,1
"""POST /ss.php HTTP/1.1"" 404 204 ""-""",0,1,0,1,0,0,0,1
"""POST /wcp.php HTTP/1.1"" 404 205 ""-""",0,1,0,1,0,0,0,1
"""POST /uuu.php HTTP/1.1"" 404 205 ""-""",0,1,0,1,0,0,0,1
"""POST /sss.php HTTP/1.1"" 404 205 ""-""",0,1,0,1,0,0,0,1
"""POST /1.php HTTP/1.1"" 404 203 ""-""",0,1,0,1,0,0,0,2
"""POST /2.php HTTP/1.1"" 404 203 ""-""",0,1,0,1,0,0,0,1
"""POST /core.php HTTP/1.1"" 404 206 ""-""",0,1,0,1,0,0,0,1
"""POST /qaz.php HTTP/1.1"" 404 205 ""-""",0,1,0,1,0,0,0,1
"""POST /sha.php HTTP/1.1"" 404 205 ""-""",0,1,0,1,0,0,0,1
"""POST /ppx.php HTTP/1.1"" 404 205 ""-""",0,1,0,1,0,0,0,1
"""POST /confg.php HTTP/1.1"" 404 207 ""-""",0,1,0,1,0,0,0,1
"""POST /conf1g.php HTTP/1.1"" 404 208 ""-""",0,1,0,1,0,0,0,1
"""POST /ver.php HTTP/1.1"" 404 205 ""-""",0,1,0,1,0,0,0,1
"""POST /hack.php HTTP/1.1"" 404 206 ""-""",0,1,0,1,0,0,0,1
"""POST /qa.php HTTP/1.1"" 404 204 ""-""",0,1,0,1,0,0,0,1
"""POST /Ss.php HTTP/1.1"" 404 204 ""-""",0,1,0,1,0,0,0,1
"""POST /xxx.php HTTP/1.1"" 404 205 ""-""",0,1,0,1,0,0,0,1
"""POST /92.php HTTP/1.1"" 404 204 ""-""",0,1,0,1,0,0,0,1
"""POST /z.php HTTP/1.1"" 404 203 ""-""",0,1,0,1,0,0,0,1
"""POST /nuoxi.php HTTP/1.1"" 404 207 ""-""",0,1,0,1,0,0,0,1
"""POST /godkey.php HTTP/1.1"" 404 208 ""-""",0,1,0,1,0,0,0,1
"""POST /okokok.php HTTP/1.1"" 404 208 ""-""",0,1,0,1,0,0,0,1
"""POST /erwa.php HTTP/1.1"" 404 206 ""-""",0,1,0,1,0,0,0,1
"""POST /pma.php HTTP/1.1"" 404 205 ""-""",0,1,0,1,0,0,0,1
"""POST /ruyi.php HTTP/1.1"" 404 206 ""-""",0,1,0,1,0,0,0,1
"""POST /51314.php HTTP/1.1"" 404 207 ""-""",0,1,0,1,0,0,0,1
"""POST /5201314.php HTTP/1.1"" 404 209 ""-""",0,1,0,1,0,0,0,1
"""POST /fusheng.php HTTP/1.1"" 404 209 ""-""",0,1,0,1,0,0,0,1
"""POST /general.php HTTP/1.1"" 404 209 ""-""",0,1,0,1,0,0,0,1
"""POST /repeat.php HTTP/1.1"" 404 208 ""-""",0,1,0,1,0,0,0,1
"""POST /ldw.php HTTP/1.1"" 404 205 ""-""",0,1,0,1,0,0,0,1
"""POST /api.php HTTP/1.1"" 404 205 ""-""",0,1,0,1,0,0,0,1
"""POST /s1.php HTTP/1.1"" 404 204 ""-""",0,1,0,1,0,0,0,1
"""POST /xiaodai.php HTTP/1.1"" 404 209 ""-""",0,1,0,1,0,0,0,1
"""POST /xiaoma.php HTTP/1.1"" 404 208 ""-""",0,1,0,1,0,0,0,1
"""POST /xiaomae.php HTTP/1.1"" 404 209 ""-""",0,1,0,1,0,0,0,1
"""POST /xiaomar.php HTTP/1.1"" 404 209 ""-""",0,1,0,1,0,0,0,1
"""POST /data.php HTTP/1.1"" 404 206 ""-""",0,1,0,1,0,0,0,1
"""POST /log.php HTTP/1.1"" 404 205 ""-""",0,1,0,1,0,0,0,1
"""POST /fack.php HTTP/1.1"" 404 206 ""-""",0,1,0,1,0,0,0,1
"""POST /angge.php HTTP/1.1"" 404 207 ""-""",0,1,0,1,0,0,0,1
"""GET /index.php HTTP/1.1"" 301 - ""-""",0,1,0,0,1,0,0,1
"""GET /phpmyadmin/index.php HTTP/1.1"" 404 218 ""-""",0,1,0,1,0,0,0,1
"""GET /phpMyAdmin/index.php HTTP/1.1"" 200 3448 ""-""",1,0,0,0,0,0,0,1
"""GET /pmd/index.php HTTP/1.1"" 404 211 ""-""",0,1,0,1,0,0,0,1
"""GET /pma/index.php HTTP/1.1"" 404 211 ""-""",0,1,0,1,0,0,0,1
"""GET /PMA/index.php HTTP/1.1"" 404 211 ""-""",0,1,0,1,0,0,0,1
"""GET /PMA2/index.php HTTP/1.1"" 404 212 ""-""",0,1,0,1,0,0,0,1
"""GET /pmamy/index.php HTTP/1.1"" 404 213 ""-""",0,1,0,1,0,0,0,1
"""GET /pmamy2/index.php HTTP/1.1"" 404 214 ""-""",0,1,0,1,0,0,0,1
"""GET /admin/index.php HTTP/1.1"" 404 213 ""-""",0,1,0,1,0,0,0,1
"""GET /db/index.php HTTP/1.1"" 404 210 ""-""",0,1,0,1,0,0,0,1
"""GET /dbadmin/index.php HTTP/1.1"" 404 215 ""-""",0,1,0,1,0,0,0,1
"""GET /web/phpMyAdmin/index.php HTTP/1.1"" 404 222 ""-""",0,1,0,1,0,0,0,1
"""GET /admin/pma/index.php HTTP/1.1"" 404 217 ""-""",0,1,0,1,0,0,0,1
"""GET /admin/PMA/index.php HTTP/1.1"" 404 217 ""-""",0,1,0,1,0,0,0,1
"""GET /admin/mysql/index.php HTTP/1.1"" 404 219 ""-""",0,1,0,1,0,0,0,1
"""GET /admin/mysql2/index.php HTTP/1.1"" 404 220 ""-""",0,1,0,1,0,0,0,1
"""GET /admin/phpmyadmin/index.php HTTP/1.1"" 404 224 ""-""",0,1,0,1,0,0,0,1
"""GET /admin/phpMyAdmin/index.php HTTP/1.1"" 404 224 ""-""",0,1,0,1,0,0,0,1
"""GET /admin/phpmyadmin2/index.php HTTP/1.1"" 404 225 ""-""",0,1,0,1,0,0,0,1
"""GET /mysqladmin/index.php HTTP/1.1"" 404 218 ""-""",0,1,0,1,0,0,0,1
"""GET /mysql-admin/index.php HTTP/1.1"" 404 219 ""-""",0,1,0,1,0,0,0,1
"""GET /phpadmin/index.php HTTP/1.1"" 404 216 ""-""",0,1,0,1,0,0,0,1
"""GET /phpAdmin/index.php HTTP/1.1"" 404 216 ""-""",0,1,0,1,0,0,0,1
"""GET /phpmyadmin0/index.php HTTP/1.1"" 404 219 ""-""",0,1,0,1,0,0,0,1
"""GET /phpmyadmin1/index.php HTTP/1.1"" 404 219 ""-""",0,1,0,1,0,0,0,1
"""GET /phpmyadmin2/index.php HTTP/1.1"" 404 219 ""-""",0,1,0,1,0,0,0,1
"""GET /phpMyAdmin-4.4.0/index.php HTTP/1.1"" 404 224 ""-""",0,1,0,1,0,0,0,1
"""GET /myadmin/index.php HTTP/1.1"" 404 215 ""-""",0,1,0,1,0,0,0,1
"""GET /myadmin2/index.php HTTP/1.1"" 404 216 ""-""",0,1,0,1,0,0,0,1
"""GET /xampp/phpmyadmin/index.php HTTP/1.1"" 404 224 ""-""",0,1,0,1,0,0,0,1
"""GET /phpMyadmin_bak/index.php HTTP/1.1"" 404 222 ""-""",0,1,0,1,0,0,0,1
"""GET /www/phpMyAdmin/index.php HTTP/1.1"" 404 222 ""-""",0,1,0,1,0,0,0,1
"""GET /tools/phpMyAdmin/index.php HTTP/1.1"" 404 224 ""-""",0,1,0,1,0,0,0,1
"""GET /phpmyadmin-old/index.php HTTP/1.1"" 404 222 ""-""",0,1,0,1,0,0,0,1
"""GET /phpMyAdminold/index.php HTTP/1.1"" 404 221 ""-""",0,1,0,1,0,0,0,1
"""GET /phpMyAdmin.old/index.php HTTP/1.1"" 404 222 ""-""",0,1,0,1,0,0,0,1
"""GET /pma-old/index.php HTTP/1.1"" 404 215 ""-""",0,1,0,1,0,0,0,1
"""GET /claroline/phpMyAdmin/index.php HTTP/1.1"" 404 228 ""-""",0,1,0,1,0,0,0,1
"""GET /typo3/phpmyadmin/index.php HTTP/1.1"" 404 224 ""-""",0,1,0,1,0,0,0,1
"""GET /phpma/index.php HTTP/1.1"" 404 213 ""-""",0,1,0,1,0,0,0,1
"""GET /phpmyadmin/phpmyadmin/index.php HTTP/1.1"" 404 229 ""-""",0,1,0,1,0,0,0,1
"""GET /phpMyAdmin/phpMyAdmin/index.php HTTP/1.1"" 404 229 ""-""",0,1,0,1,0,0,0,1
"""GET /phpMyAbmin/index.php HTTP/1.1"" 404 218 ""-""",0,1,0,1,0,0,0,1
"""GET /phpMyAdmin__/index.php HTTP/1.1"" 404 220 ""-""",0,1,0,1,0,0,0,1
"""GET /phpMyAdmin+++---/index.php HTTP/1.1"" 404 224 ""-""",0,1,0,1,0,0,0,1
"""GET /v/index.php HTTP/1.1"" 404 209 ""-""",0,1,0,1,0,0,0,1
"""GET /phpmyadm1n/index.php HTTP/1.1"" 404 218 ""-""",0,1,0,1,0,0,0,1
"""GET /phpMyAdm1n/index.php HTTP/1.1"" 404 218 ""-""",0,1,0,1,0,0,0,1
"""GET /shaAdmin/index.php HTTP/1.1"" 404 216 ""-""",0,1,0,1,0,0,0,1
"""GET /phpMyAdmion/index.php HTTP/1.1"" 404 219 ""-""",0,1,0,1,0,0,0,1
"""GET /wp-content/themes/twentyseventeen/assets/js/global.js?ver=1.0 HTTP/1.1"" 200 7682 ""http://35.154.33.157/""",1,0,0,0,0,0,0,1
"""GET /wp-content/themes/twentyseventeen/assets/js/jquery.scrollTo.js?ver=2.1.2 HTTP/1.1"" 200 5836 ""http://35.154.33.157/""",1,0,0,0,0,0,0,1
"""GET /wp-includes/js/wp-embed.min.js?ver=4.9.8 HTTP/1.1"" 200 1398 ""http://35.154.33.157/""",1,0,0,0,0,0,0,1
"""POST /wp-cron.php?doing_wp_cron=1538644675.2632429599761962890625 HTTP/1.1"" 200 - ""http://13.233.58.202/wp-cron.php?doing_wp_cron=1538644675.2632429599761962890625""",1,0,0,0,0,0,0,1
"""GET /wp-content/themes/twentyseventeen/style.css?ver=4.9.8 HTTP/1.1"" 304 - ""http://13.233.58.202/""",0,1,0,0,0,0,1,2
"""GET /wp-includes/js/jquery/jquery.js?ver=1.12.4 HTTP/1.1"" 304 - ""http://13.233.58.202/""",0,1,0,0,0,0,1,3
"""GET /wp-includes/js/jquery/jquery-migrate.min.js?ver=1.4.1 HTTP/1.1"" 304 - ""http://13.233.58.202/""",0,1,0,0,0,0,1,3
"""GET /phpmyadmin HTTP/1.1"" 404 208 ""-""",0,1,0,1,0,0,0,2
"""GET /wp-content/themes/twentyseventeen/assets/js/jquery.scrollTo.js?ver=2.1.2 HTTP/1.1"" 304 - ""http://13.233.58.202/""",0,1,0,0,0,0,1,1
"""GET /wp-content/themes/twentyseventeen/assets/js/skip-link-focus-fix.js?ver=1.0 HTTP/1.1"" 304 - ""http://13.233.58.202/""",0,1,0,0,0,0,1,1
"""GET /wp-content/themes/twentyseventeen/assets/js/global.js?ver=1.0 HTTP/1.1"" 304 - ""http://13.233.58.202/""",0,1,0,0,0,0,1,1
"""GET /wp-includes/js/wp-embed.min.js?ver=4.9.8 HTTP/1.1"" 304 - ""http://13.233.58.202/""",0,1,0,0,0,0,1,1
"""GET /wp-content/themes/twentyseventeen/assets/images/header.jpg HTTP/1.1"" 304 - ""http://13.233.58.202/""",0,1,0,0,0,0,1,1
"""POST /wp-cron.php?doing_wp_cron=1538646264.2115049362182617187500 HTTP/1.1"" 200 - ""http://13.233.58.202/wp-cron.php?doing_wp_cron=1538646264.2115049362182617187500""",1,0,0,0,0,0,0,1
"""GET /wp-content/themes/twentyseventeen/style.css?ver=4.9.8 HTTP/1.1"" 304 - ""http://35.154.33.157/""",0,1,0,0,0,0,1,2
"""GET /wp-content/themes/twentyseventeen/assets/js/skip-link-focus-fix.js?ver=1.0 HTTP/1.1"" 200 683 ""http://35.154.33.157/""",1,0,0,0,0,0,0,1
"""GET /wp-includes/js/wp-emoji-release.min.js?ver=4.9.8 HTTP/1.1"" 200 12026 ""http://35.154.33.157/""",1,0,0,0,0,0,0,1
"""GET /index.php/2018/10/04/hello-world/ HTTP/1.1"" 200 57557 ""http://35.154.33.157/""",1,0,0,0,0,0,0,1
"""GET /wp-includes/js/comment-reply.min.js?ver=4.9.8 HTTP/1.1"" 200 1078 ""http://13.233.58.202/index.php/2018/10/04/hello-world/""",1,0,0,0,0,0,0,1
"""GET /wp-includes/js/jquery/jquery-migrate.min.js?ver=1.4.1 HTTP/1.1"" 200 10056 ""http://35.154.33.157/""",1,0,0,0,0,0,0,1
"""GET /wp-includes/js/jquery/jquery.js?ver=1.12.4 HTTP/1.1"" 200 97184 ""http://35.154.33.157/""",1,0,0,0,0,0,0,1
"""GET /wp-content/themes/twentyseventeen/style.css?ver=4.9.8 HTTP/1.1"" 200 83401 ""http://35.154.33.157/""",1,0,0,0,0,0,0,1
"""GET /wp-content/themes/twentyseventeen/assets/images/header.jpg HTTP/1.1"" 200 114854 ""http://35.154.33.157/""",1,0,0,0,0,0,0,1
"""GET /index.php/category/uncategorized/ HTTP/1.1"" 404 50650 ""http://35.154.33.157/""",0,1,0,1,0,0,0,2
"""GET /wp-login.php?redirect_to=http%3A%2F%2F35.154.33.157%2Fwp-admin%2F&reauth=1 HTTP/1.1"" 200 2242 ""-""",1,0,0,0,0,0,0,1
"""GET /wp-admin/load-styles.php?c=1&dir=ltr&load%5B%5D=dashicons,buttons,forms,l10n,login&ver=4.9.8 HTTP/1.1"" 200 39543 ""http://13.233.58.202/wp-login.php?redirect_to=http%3A%2F%2F35.154.33.157%2Fwp-admin%2F&reauth=1""",1,0,0,0,0,0,0,1
"""GET /wp-admin/images/wordpress-logo.svg?ver=20131107 HTTP/1.1"" 200 1521 ""http://13.233.58.202/wp-admin/load-styles.php?c=1&dir=ltr&load%5B%5D=dashicons,buttons,forms,l10n,login&ver=4.9.8""",1,0,0,0,0,0,0,1
"""GET /wp-includes/js/wp-emoji-release.min.js?ver=4.9.8 HTTP/1.1"" 304 - ""http://35.154.33.157/""",0,1,0,0,0,0,1,1
"""GET /wp-includes/js/jquery/jquery.js?ver=1.12.4 HTTP/1.1"" 304 - ""http://35.154.33.157/""",0,1,0,0,0,0,1,1
"""GET /wp-includes/js/jquery/jquery-migrate.min.js?ver=1.4.1 HTTP/1.1"" 304 - ""http://35.154.33.157/""",0,1,0,0,0,0,1,1
"""GET /wp-content/themes/twentyseventeen/assets/js/skip-link-focus-fix.js?ver=1.0 HTTP/1.1"" 304 - ""http://35.154.33.157/""",0,1,0,0,0,0,1,2
"""GET /wp-content/themes/twentyseventeen/assets/js/jquery.scrollTo.js?ver=2.1.2 HTTP/1.1"" 304 - ""http://35.154.33.157/""",0,1,0,0,0,0,1,1
"""GET /wp-content/themes/twentyseventeen/assets/js/global.js?ver=1.0 HTTP/1.1"" 304 - ""http://35.154.33.157/""",0,1,0,0,0,0,1,1
"""GET /wp-includes/js/wp-embed.min.js?ver=4.9.8 HTTP/1.1"" 304 - ""http://35.154.33.157/""",0,1,0,0,0,0,1,1
"""GET /wp-content/themes/twentyseventeen/assets/images/header.jpg HTTP/1.1"" 304 - ""http://35.154.33.157/""",0,1,0,0,0,0,1,2
"""GET /index.php/2018/10/ HTTP/1.1"" 200 53097 ""http://35.154.33.157/""",1,0,0,0,0,0,0,1
"""GET /favicon.ico HTTP/1.1"" 404 209 ""http://axis.acc.ltd/""",0,1,0,1,0,0,0,2
"""GET /wp-content/themes/twentyseventeen/style.css?ver=4.9.8 HTTP/1.1"" 304 - ""http://axis.acc.ltd/""",0,1,0,0,0,0,1,1
"""GET /wp-includes/js/jquery/jquery.js?ver=1.12.4 HTTP/1.1"" 304 - ""http://axis.acc.ltd/""",0,1,0,0,0,0,1,1
"""GET /wp-content/themes/twentyseventeen/assets/js/jquery.scrollTo.js?ver=2.1.2 HTTP/1.1"" 304 - ""http://axis.acc.ltd/""",0,1,0,0,0,0,1,1
"""GET /wp-includes/js/jquery/jquery-migrate.min.js?ver=1.4.1 HTTP/1.1"" 304 - ""http://axis.acc.ltd/""",0,1,0,0,0,0,1,1
"""GET /wp-includes/js/wp-embed.min.js?ver=4.9.8 HTTP/1.1"" 304 - ""http://axis.acc.ltd/""",0,1,0,0,0,0,1,1
"""GET /wp-content/themes/twentyseventeen/assets/js/skip-link-focus-fix.js?ver=1.0 HTTP/1.1"" 304 - ""http://axis.acc.ltd/""",0,1,0,0,0,0,1,1
"""GET /wp-content/themes/twentyseventeen/assets/js/global.js?ver=1.0 HTTP/1.1"" 304 - ""http://axis.acc.ltd/""",0,1,0,0,0,0,1,1
"""GET /wp-includes/js/wp-emoji-release.min.js?ver=4.9.8 HTTP/1.1"" 304 - ""http://axis.acc.ltd/""",0,1,0,0,0,0,1,1
"""GET /wp-content/themes/twentyseventeen/assets/images/header.jpg HTTP/1.1"" 304 - ""http://axis.acc.ltd/""",0,1,0,0,0,0,1,1
"""POST /wp-cron.php?doing_wp_cron=1538649517.9287579059600830078125 HTTP/1.1"" 200 - ""http://13.233.58.202/wp-cron.php?doing_wp_cron=1538649517.9287579059600830078125""",1,0,0,0,0,0,0,1
"""GET /index.php/2018/10/04/hello-world/ HTTP/1.1"" 200 57568 ""http://axis.acc.ltd/""",1,0,0,0,0,0,0,1
"""GET /wp-includes/js/comment-reply.min.js?ver=4.9.8 HTTP/1.1"" 200 1078 ""http://13.233.58.202/""",1,0,0,0,0,0,0,1
"""GET / HTTP/1.1"" 200 53282 ""-""",1,0,0,0,0,0,0,1
"""GET /wp-content/themes/twentyseventeen/style.css?ver=4.9.8 HTTP/1.1"" 200 83401 ""http://axis.acc.ltd/""",1,0,0,0,0,0,0,1
"""GET /wp-includes/js/jquery/jquery.js?ver=1.12.4 HTTP/1.1"" 200 97184 ""http://axis.acc.ltd/""",1,0,0,0,0,0,0,1
"""GET /wp-includes/js/jquery/jquery-migrate.min.js?ver=1.4.1 HTTP/1.1"" 200 10056 ""http://axis.acc.ltd/""",1,0,0,0,0,0,0,1
"""GET /wp-content/themes/twentyseventeen/assets/js/skip-link-focus-fix.js?ver=1.0 HTTP/1.1"" 200 683 ""http://axis.acc.ltd/""",1,0,0,0,0,0,0,1
"""GET /wp-content/themes/twentyseventeen/assets/js/global.js?ver=1.0 HTTP/1.1"" 200 7682 ""http://axis.acc.ltd/""",1,0,0,0,0,0,0,1
"""GET /wp-content/themes/twentyseventeen/assets/js/jquery.scrollTo.js?ver=2.1.2 HTTP/1.1"" 200 5836 ""http://axis.acc.ltd/""",1,0,0,0,0,0,0,1
"""GET /wp-includes/js/wp-embed.min.js?ver=4.9.8 HTTP/1.1"" 200 1398 ""http://axis.acc.ltd/""",1,0,0,0,0,0,0,1
"""GET /wp-includes/js/wp-emoji-release.min.js?ver=4.9.8 HTTP/1.1"" 200 12026 ""http://axis.acc.ltd/""",1,0,0,0,0,0,0,1
"""GET /wp-content/themes/twentyseventeen/assets/images/header.jpg HTTP/1.1"" 200 114854 ""http://axis.acc.ltd/""",1,0,0,0,0,0,0,1
"""GET /index.php/2018/10/04/hello-world/ HTTP/1.1"" 200 57518 ""http://axis.acc.ltd/""",1,0,0,0,0,0,0,1
"""GET /wp-includes/js/comment-reply.min.js?ver=4.9.8 HTTP/1.1"" 200 1078 ""http://axis.acc.ltd/index.php/2018/10/04/hello-world/""",1,0,0,0,0,0,0,1
"""GET /index.php/2018/10/ HTTP/1.1"" 200 53070 ""http://axis.acc.ltd/index.php/2018/10/04/hello-world/""",1,0,0,0,0,0,0,1
"""GET /wp-admin HTTP/1.1"" 301 237 ""-""",0,1,0,0,1,0,0,1
"""GET /wp-login.php?redirect_to=http%3A%2F%2Faxis.acc.ltd%2Fwp-admin%2F&reauth=1 HTTP/1.1"" 200 2237 ""-""",1,0,0,0,0,0,0,1
"""GET /wp-admin/load-styles.php?c=1&dir=ltr&load%5B%5D=dashicons,buttons,forms,l10n,login&ver=4.9.8 HTTP/1.1"" 200 39561 ""http://axis.acc.ltd/wp-login.php?redirect_to=http%3A%2F%2Faxis.acc.ltd%2Fwp-admin%2F&reauth=1""",1,0,0,0,0,0,0,1
"""GET /wp-admin/images/wordpress-logo.svg?ver=20131107 HTTP/1.1"" 200 1521 ""http://axis.acc.ltd/wp-admin/load-styles.php?c=1&dir=ltr&load%5B%5D=dashicons,buttons,forms,l10n,login&ver=4.9.8""",1,0,0,0,0,0,0,1
"""GET / HTTP/1.1"" 200 53332 ""-""",1,0,0,0,0,0,0,1
"""GET /wp-login.php?redirect_to=http%3A%2F%2F35.154.33.157%2Fwp-admin%2F&reauth=1 HTTP/1.1"" 200 2238 ""-""",1,0,0,0,0,0,0,1
"""GET /wp-admin/load-styles.php?c=1&dir=ltr&load%5B%5D=dashicons,buttons,forms,l10n,login&ver=4.9.8 HTTP/1.1"" 200 39561 ""http://axis.acc.ltd/wp-login.php?redirect_to=http%3A%2F%2F35.154.33.157%2Fwp-admin%2F&reauth=1""",1,0,0,0,0,0,0,1
"""POST /wp-login.php HTTP/1.1"" 200 3225 ""http://axis.acc.ltd/wp-login.php?redirect_to=http%3A%2F%2F35.154.33.157%2Fwp-admin%2F&reauth=1""",1,0,0,0,0,0,0,1
"""POST /wp-login.php HTTP/1.1"" 200 3246 ""http://axis.acc.ltd/wp-login.php""",1,0,0,0,0,0,0,1
"""GET /wp-login.php?action=lostpassword HTTP/1.1"" 200 1910 ""http://axis.acc.ltd/wp-login.php""",1,0,0,0,0,0,0,1
"""POST /wp-login.php?action=lostpassword HTTP/1.1"" 302 - ""http://axis.acc.ltd/wp-login.php?action=lostpassword""",0,1,0,0,0,1,0,1
"""GET /wp-login.php?checkemail=confirm HTTP/1.1"" 200 2286 ""http://axis.acc.ltd/wp-login.php?action=lostpassword""",1,0,0,0,0,0,0,1
"""POST /wp-login.php HTTP/1.1"" 302 - ""http://axis.acc.ltd/wp-login.php?checkemail=confirm""",0,1,0,0,0,1,0,1
"""GET /wp-admin/ HTTP/1.1"" 200 57279 ""http://axis.acc.ltd/wp-login.php?checkemail=confirm""",1,0,0,0,0,0,0,1
"""GET /wp-admin/load-styles.php?c=1&dir=ltr&load%5B%5D=dashicons,admin-bar,common,forms,admin-menu,dashboard,list-tables,edit,revisions,media,themes,about,nav-menus,wp-pointer,widgets&load%5B%5D=,site-icon,l10n,buttons,wp-auth-check&ver=4.9.8 HTTP/1.1"" 200 96175 ""http://axis.acc.ltd/wp-admin/""",1,0,0,0,0,0,0,1
"""GET /wp-includes/js/thickbox/thickbox.css?ver=4.9.8 HTTP/1.1"" 200 2658 ""http://axis.acc.ltd/wp-admin/""",1,0,0,0,0,0,0,1
"""GET /wp-admin/load-scripts.php?c=1&load%5B%5D=jquery-core,jquery-migrate,utils&ver=4.9.8 HTTP/1.1"" 200 41544 ""http://axis.acc.ltd/wp-admin/""",1,0,0,0,0,0,0,1
"""GET /wp-includes/css/editor.min.css?ver=4.9.8 HTTP/1.1"" 200 26214 ""http://axis.acc.ltd/wp-admin/""",1,0,0,0,0,0,0,1
"""GET /wp-admin/load-scripts.php?c=1&load%5B%5D=hoverIntent,common,admin-bar,wp-ajax-response,jquery-color,wp-lists,quicktags,jquery-query,admin-comments,jquery-ui-core,jquery-&load%5B%5D=ui-widget,jquery-ui-mouse,jquery-ui-sortable,postbox,underscore,wp-util,wp-a11y,dashboard,thickbox,plugin-install,updates,shortc&load%5B%5D=ode,media-upload,svg-painter,heartbeat,wp-auth-check,wplink,jquery-ui-position,jquery-ui-menu,jquery-ui-autocomplete&ver=4.9.8 HTTP/1.1"" 200 79366 ""http://axis.acc.ltd/wp-admin/""",1,0,0,0,0,0,0,1
"""GET /wp-includes/js/thickbox/loadingAnimation.gif HTTP/1.1"" 200 15238 ""http://axis.acc.ltd/wp-admin/""",1,0,0,0,0,0,0,1
"""POST /wp-admin/admin-ajax.php HTTP/1.1"" 200 70 ""http://axis.acc.ltd/wp-admin/""",1,0,0,0,0,0,0,1
"""POST /wp-admin/admin-ajax.php HTTP/1.1"" 200 47 ""http://axis.acc.ltd/wp-admin/""",1,0,0,0,0,0,0,1
"""POST /wp-cron.php?doing_wp_cron=1538653701.6426470279693603515625 HTTP/1.1"" 200 - ""http://axis.acc.ltd/wp-cron.php?doing_wp_cron=1538653701.6426470279693603515625""",1,0,0,0,0,0,0,1
"""GET /index.php/feed/ HTTP/1.1"" 200 1653 ""http://axis.acc.ltd/index.php/2018/10/04/hello-world/""",1,0,0,0,0,0,0,1
"""GET / HTTP/1.1"" 301 - ""-""",0,1,0,0,1,0,0,2
